id;nombre;apellido_1;apellido_2;email;password
1;Buckinghamshire transmitting;multiestado;Queso actitud Account;Carlos.Cabn40@hotmail.com;connecting system transmitting
2;Somoni convergence;Aragón Guapo Bedfordshire;GB Total payment;Patricia_Rosado@hotmail.com;Soluciones
3;Métricas proactive Money;metódica withdrawal;generación Azul;AnaMara53@hotmail.com;protocolo
4;Account Ordenador;Normas;multiestado virtual Sorprendente;Isabela.Estrada53@yahoo.com;International Perú La
5;Grupo Bedfordshire;metodologías invoice CSS;Guapa Uganda;Lorena57@yahoo.com;Gorro Andalucía Checking
6;Sorprendente;Horizontal alarm;online benchmark;Salvador_Pagan@yahoo.com;back en Atún
7;primary;Cambridgeshire Checking;Won transmit;Virginia_Corral80@gmail.com;Franc invoice pixel
8;Videojuegos;transparent Iran Canarias;THX;Carmen_Mndez@hotmail.com;Dinar Investment
9;Refinado Lempira;firewall backing;alto;Concepcin.Flores94@yahoo.com;Electrónica algoritmo Personal
10;en hard Bricolaje;Blanco up Sorprendente;partnerships markets;Patricia2@hotmail.com;dynamic payment
